City_ID,City,Country,Date,Lat,Lng,Max Temp,Humidity,Cloudiness,Wind Speed
0,Dikson,RU,2021-07-28 21:26:40,73.5069,80.5464,38.12,95,95,12.86
1,Saint-Philippe,RE,2021-07-28 21:26:41,-21.3585,55.7679,67.59,87,99,14.65
2,Rikitea,PF,2021-07-28 21:23:10,-23.1203,-134.9692,73.92,79,40,14.34
3,Jamestown,US,2021-07-28 21:26:41,42.097,-79.2353,79.09,53,40,8.05
4,Tuktoyaktuk,CA,2021-07-28 21:26:42,69.4541,-133.0374,53.6,76,90,6.91
5,Upernavik,GL,2021-07-28 21:26:42,72.7868,-56.1549,48.13,77,94,7.63
6,Hambantota,LK,2021-07-28 21:26:42,6.1241,81.1185,79.14,89,75,8.05
7,Mataura,NZ,2021-07-28 21:26:43,-46.1927,168.8643,43.48,95,20,4.03
8,Esperance,AU,2021-07-28 21:26:43,-33.8667,121.9,57.04,64,63,26.19
9,Port Blair,IN,2021-07-28 21:26:43,11.6667,92.75,81.79,84,100,18.05
10,Fortuna,US,2021-07-28 21:26:44,40.5982,-124.1573,67.98,74,1,11.5
11,Ushuaia,AR,2021-07-28 21:26:44,-54.8,-68.3,47.82,87,75,0.0
12,Bluff,NZ,2021-07-28 21:26:44,-46.6,168.3333,43.81,83,39,9.78
13,Bafra,TR,2021-07-28 21:26:45,41.5678,35.9069,74.98,64,0,8.66
14,Souillac,MU,2021-07-28 21:21:54,-20.5167,57.5167,71.37,83,75,21.85
15,Okha,RU,2021-07-28 21:26:45,53.5739,142.9478,66.04,96,100,5.12
16,Tuy Hoa,VN,2021-07-28 21:25:54,13.0833,109.3,84.09,68,100,13.33
17,Castro,BR,2021-07-28 21:26:46,-24.7911,-50.0119,44.74,50,9,10.96
18,Hilo,US,2021-07-28 21:26:46,19.7297,-155.09,79.79,78,90,4.61
19,Stuttgart,DE,2021-07-28 21:23:25,48.7823,9.177,64.45,87,0,2.3
20,Saint George,US,2021-07-28 21:26:36,37.1041,-113.5841,102.67,21,1,5.01
21,Marzuq,YE,2021-07-28 21:26:47,14.4,46.4667,77.92,69,100,9.48
22,Kaifeng,CN,2021-07-28 21:26:47,34.7911,114.3483,76.06,83,100,20.76
23,Sept-Iles,CA,2021-07-28 21:26:47,50.2001,-66.3821,65.05,69,90,4.0
24,Hermanus,ZA,2021-07-28 21:26:48,-34.4187,19.2345,52.9,71,22,16.89
25,Yongan,CN,2021-07-28 21:26:48,39.6957,113.6871,64.09,88,61,3.96
26,Egvekinot,RU,2021-07-28 21:26:49,66.3167,-179.1667,37.4,90,100,2.8
27,Cape Town,ZA,2021-07-28 21:24:06,-33.9258,18.4232,56.88,67,75,3.0
28,Punta Arenas,CL,2021-07-28 21:26:49,-53.15,-70.9167,48.31,76,0,10.36
29,Portree,GB,2021-07-28 21:26:49,57.4129,-6.1942,55.85,93,100,2.57
30,Kaitangata,NZ,2021-07-28 21:26:50,-46.2817,169.8464,42.03,93,19,4.59
31,Mendoza,AR,2021-07-28 21:24:50,-32.8908,-68.8272,53.13,24,0,8.05
32,Dzhebariki-Khaya,RU,2021-07-28 21:26:50,62.2167,135.8,54.45,61,3,4.45
33,Saint-Augustin,CA,2021-07-28 21:26:51,51.226,-58.6502,65.32,67,17,14.45
34,Barrow,US,2021-07-28 21:26:51,71.2906,-156.7887,41.02,93,90,18.41
35,Dunedin,NZ,2021-07-28 21:26:51,-45.8742,170.5036,49.8,56,59,14.0
36,Tateyama,JP,2021-07-28 21:26:52,34.9833,139.8667,82.42,86,82,15.28
37,Coquimbo,CL,2021-07-28 21:23:28,-29.9533,-71.3436,55.13,76,0,11.5
38,Carnarvon,AU,2021-07-28 21:26:52,-24.8667,113.6333,68.07,57,90,17.27
39,Hoorn,NL,2021-07-28 21:26:52,52.6431,5.0578,64.36,75,5,21.68
40,Thompson,CA,2021-07-28 21:26:53,55.7435,-97.8558,64.56,55,75,16.11
41,Albany,US,2021-07-28 21:22:57,42.6001,-73.9662,80.31,53,33,3.71
42,Port Alfred,ZA,2021-07-28 21:26:53,-33.5906,26.891,60.58,77,100,6.08
43,Besikduzu,TR,2021-07-28 21:26:54,41.052,39.2284,76.89,73,52,11.34
44,Okhotsk,RU,2021-07-28 21:26:54,59.3833,143.3,54.03,80,100,9.93
45,Usakos,NA,2021-07-28 21:26:54,-22.0,15.6,57.22,42,0,1.45
46,Atuona,PF,2021-07-28 21:26:55,-9.8,-139.0333,77.43,73,35,20.67
47,Komsomolskiy,UZ,2021-07-28 21:26:55,40.4272,71.7189,81.32,29,6,6.91
48,Xining,CN,2021-07-28 21:23:16,36.6167,101.7667,50.88,73,0,2.53
49,Powell River,CA,2021-07-28 21:24:54,49.8496,-124.5361,90.09,53,20,5.75
50,Vaini,TO,2021-07-28 21:26:56,-21.2,-175.2,71.76,73,40,9.22
51,Puerto Ayora,EC,2021-07-28 21:26:56,-0.7393,-90.3518,76.96,80,68,8.63
52,Ponta Do Sol,PT,2021-07-28 21:26:56,32.6667,-17.1,74.71,79,3,5.06
53,Tasiilaq,GL,2021-07-28 21:26:57,65.6145,-37.6368,51.96,68,85,3.78
54,Inverell,AU,2021-07-28 21:26:57,-29.7833,151.1167,51.67,97,59,1.01
55,Provideniya,RU,2021-07-28 21:26:58,64.3833,-173.3,48.31,93,75,13.42
56,Urumqi,CN,2021-07-28 21:26:58,43.801,87.6005,77.95,32,0,6.71
57,Khani,GE,2021-07-28 21:26:58,41.9563,42.9566,60.37,94,66,2.51
58,Gushikawa,JP,2021-07-28 21:26:59,26.3544,127.8686,79.83,94,1,0.0
59,Seleron,GR,2021-07-28 21:26:59,41.1333,25.0,83.34,48,1,2.51
60,Hobart,AU,2021-07-28 21:27:00,-42.8794,147.3294,42.93,85,75,7.0
61,Butaritari,KI,2021-07-28 21:27:00,3.0707,172.7902,82.62,70,20,9.91
62,Sterling,US,2021-07-28 21:22:04,39.0062,-77.4286,93.94,43,40,1.99
63,Bilma,NE,2021-07-28 21:24:41,18.6853,12.9164,96.62,27,19,5.44
64,Pavino,RU,2021-07-28 21:27:01,59.1139,46.1414,52.93,67,51,5.37
65,Mvangue,CM,2021-07-28 21:27:01,2.9667,11.5167,67.33,97,65,3.49
66,Pacific Grove,US,2021-07-28 21:27:02,36.6177,-121.9166,94.15,75,1,5.01
67,Beyla,GN,2021-07-28 21:27:02,8.6833,-8.6333,68.02,98,100,3.0
68,Radcliff,US,2021-07-28 21:27:03,37.8404,-85.9491,92.01,49,1,1.99
69,Te Anau,NZ,2021-07-28 21:27:03,-45.4167,167.7167,41.77,90,96,2.53
70,Sandwick,GB,2021-07-28 21:27:03,60.0,-1.25,57.02,94,90,11.5
71,Vanimo,PG,2021-07-28 21:27:04,-2.6741,141.3028,76.93,90,36,4.9
72,Cabo San Lucas,MX,2021-07-28 21:27:04,22.8909,-109.9124,100.51,49,1,8.05
73,Chihuahua,MX,2021-07-28 21:26:09,28.5,-106.0,86.83,19,81,13.38
74,Nueva Concepcion,GT,2021-07-28 21:27:05,14.2,-91.3,89.04,76,71,7.96
75,Zhezkazgan,KZ,2021-07-28 21:27:05,47.8043,67.7144,73.78,23,100,11.48
76,Limbang,MY,2021-07-28 21:27:06,4.75,115.0,80.91,93,88,2.77
77,Mecca,SA,2021-07-28 21:27:06,21.4267,39.8261,91.26,53,100,4.5
78,Paicandu,BR,2021-07-28 21:27:06,-23.4575,-52.0486,54.27,37,0,13.8
79,Nome,US,2021-07-28 21:27:07,64.5011,-165.4064,51.87,87,90,19.57
80,Pangnirtung,CA,2021-07-28 21:27:07,66.1451,-65.7125,51.8,66,20,13.8
81,Saskylakh,RU,2021-07-28 21:27:07,71.9167,114.0833,60.19,52,98,8.79
82,Aketi,CD,2021-07-28 21:27:08,2.7388,23.7833,73.4,79,99,2.42
83,Berlevag,NO,2021-07-28 21:27:08,70.8578,29.0864,46.2,93,100,7.67
84,Lebu,CL,2021-07-28 21:27:08,-37.6167,-73.65,53.71,73,0,15.93
85,Khatanga,RU,2021-07-28 21:27:09,71.9667,102.5,67.26,83,29,11.03
86,Lagoa,PT,2021-07-28 21:27:09,39.05,-27.9833,71.85,82,100,9.22
87,Nara,JP,2021-07-28 21:27:09,34.6851,135.8049,79.88,94,86,0.67
88,Havoysund,NO,2021-07-28 21:27:10,70.9963,24.6622,47.28,90,98,7.92
89,Yellowknife,CA,2021-07-28 21:27:10,62.456,-114.3525,70.29,63,40,1.01
90,Nanakuli,US,2021-07-28 21:27:10,21.3906,-158.1547,84.15,65,40,10.36
91,Lamu,KE,2021-07-28 21:27:11,-2.2717,40.902,73.62,81,59,16.89
92,Christchurch,NZ,2021-07-28 21:22:14,-43.5333,172.6333,43.0,88,90,4.61
93,Lorengau,PG,2021-07-28 21:27:11,-2.0226,147.2712,82.4,77,95,6.82
94,Camopi,GF,2021-07-28 21:27:12,3.1655,-52.3158,75.45,97,87,3.33
95,Yeppoon,AU,2021-07-28 21:27:12,-23.1333,150.7333,60.58,92,22,4.07
96,Sesheke,ZM,2021-07-28 21:27:12,-17.4759,24.2968,53.15,46,5,5.46
97,Barabai,ID,2021-07-28 21:27:13,-2.5833,115.3833,74.55,93,65,1.54
98,Dudinka,RU,2021-07-28 21:27:13,69.4058,86.1778,54.09,83,100,6.4
99,Muyezerskiy,RU,2021-07-28 21:27:14,63.9333,31.65,62.8,63,17,3.47
100,East London,ZA,2021-07-28 21:27:14,-33.0153,27.9116,63.93,81,100,4.21
101,Tiksi,RU,2021-07-28 21:27:14,71.6872,128.8694,39.52,87,80,6.96
102,Dingle,PH,2021-07-28 21:27:15,10.9995,122.6711,77.86,86,81,8.61
103,Bushenyi,UG,2021-07-28 21:27:15,-0.5853,30.2114,64.42,59,76,2.04
104,Ghanzi,BW,2021-07-28 21:27:15,-21.5667,21.7833,51.62,40,0,5.28
105,Ulaanbaatar,MN,2021-07-28 21:27:16,47.9077,106.8832,59.13,77,40,4.47
106,Annau,TM,2021-07-28 21:27:16,37.8876,58.516,87.3,20,40,6.91
107,Kapaa,US,2021-07-28 21:27:17,22.0752,-159.319,82.72,73,20,1.01
108,Avarua,CK,2021-07-28 21:27:17,-21.2078,-159.775,75.25,73,75,5.75
109,Kendari,ID,2021-07-28 21:27:17,-3.945,122.4989,74.08,95,100,3.38
110,Srednekolymsk,RU,2021-07-28 21:27:18,67.45,153.6833,36.5,99,100,9.26
111,Bredasdorp,ZA,2021-07-28 21:27:18,-34.5322,20.0403,49.32,66,29,9.22
112,Ocean City,US,2021-07-28 21:27:18,39.2776,-74.5746,82.33,64,23,10.2
113,San Cristobal,VE,2021-07-28 21:27:19,7.7669,-72.225,78.98,64,96,6.62
114,Verkh-Usugli,RU,2021-07-28 21:27:19,52.7,115.1667,52.38,96,66,2.86
115,New Norfolk,AU,2021-07-28 21:27:19,-42.7826,147.0587,42.58,83,96,3.89
116,Impfondo,CG,2021-07-28 21:27:20,1.6381,18.0667,74.37,81,90,4.36
117,Olutanga,PH,2021-07-28 21:27:20,7.3106,122.8464,83.59,76,48,6.58
118,Phan Thiet,VN,2021-07-28 21:27:20,10.9333,108.1,77.7,88,100,10.27
119,Viedma,AR,2021-07-28 21:27:21,-40.8135,-62.9967,48.25,47,17,8.46
120,East Wenatchee,US,2021-07-28 21:27:21,47.4157,-120.2931,94.64,26,1,1.01
121,Leningradskiy,RU,2021-07-28 21:27:21,69.3833,178.4167,33.24,100,100,16.55
122,Tuensang,IN,2021-07-28 21:27:22,26.2833,94.8333,69.64,97,88,4.61
123,Rocha,UY,2021-07-28 21:24:37,-34.4833,-54.3333,42.64,66,17,18.77
124,Chalisgaon,IN,2021-07-28 21:27:22,20.4667,75.0167,76.64,80,100,16.58
125,Lusambo,CD,2021-07-28 21:27:23,-4.9667,23.45,71.62,39,11,0.83
126,Severo-Kurilsk,RU,2021-07-28 21:27:23,50.6789,156.125,59.13,90,81,6.69
127,Shaoxing,CN,2021-07-28 21:27:23,30.011,120.5715,80.55,95,78,4.47
128,Yar-Sale,RU,2021-07-28 21:27:24,66.8333,70.8333,43.38,89,37,4.97
129,Umm Lajj,SA,2021-07-28 21:27:24,25.0213,37.2685,88.75,56,14,7.27
130,General Roca,AR,2021-07-28 21:27:25,-39.0333,-67.5833,57.6,26,0,9.26
131,Hobyo,SO,2021-07-28 21:27:25,5.3505,48.5268,77.31,77,61,21.77
132,Luwuk,ID,2021-07-28 21:27:25,-0.9516,122.7875,76.32,87,20,4.63
133,Tucurui,BR,2021-07-28 21:27:26,-3.7661,-49.6725,85.62,49,24,2.73
134,Bathsheba,BB,2021-07-28 21:27:26,13.2167,-59.5167,77.61,88,75,6.91
135,Gotsu,JP,2021-07-28 21:27:26,35.0,132.2167,73.53,82,5,3.44
136,Port Hedland,AU,2021-07-28 21:27:27,-20.3167,118.5667,64.45,72,3,9.22
137,Isangel,VU,2021-07-28 21:27:27,-19.55,169.2667,71.71,64,20,3.44
138,Itarema,BR,2021-07-28 21:27:28,-2.9248,-39.9167,79.14,81,5,15.21
139,Alice Springs,AU,2021-07-28 21:27:28,-23.7,133.8833,56.75,72,0,5.75
140,Batagay-Alyta,RU,2021-07-28 21:27:28,67.8006,130.4114,46.49,62,66,2.93
141,Busselton,AU,2021-07-28 21:27:29,-33.65,115.3333,59.09,75,64,24.81
142,Montorio Al Vomano,IT,2021-07-28 21:27:29,42.5831,13.6383,79.72,33,1,8.37
143,Safita,SY,2021-07-28 21:27:29,34.8205,36.1153,79.84,43,0,1.61
144,Mar Del Plata,AR,2021-07-28 21:27:30,-38.0023,-57.5575,45.0,63,75,1.01
145,Una,IN,2021-07-28 21:27:30,20.8167,71.0333,80.83,85,100,21.05
146,Georgetown,MY,2021-07-28 21:26:00,5.4112,100.3354,76.95,92,40,4.61
147,Vestmannaeyjar,IS,2021-07-28 21:27:31,63.4427,-20.2734,56.39,88,0,4.61
148,Qaanaaq,GL,2021-07-28 21:27:31,77.484,-69.3632,42.39,100,100,3.02
149,Porto Santo,PT,2021-07-28 21:27:31,33.072,-16.3415,71.98,78,40,12.66
150,Husavik,IS,2021-07-28 21:27:32,66.0449,-17.3389,48.11,97,100,8.01
151,Lompoc,US,2021-07-28 21:27:32,34.6391,-120.4579,94.01,66,40,13.8
152,Zhigansk,RU,2021-07-28 21:27:32,66.7697,123.3711,58.5,56,12,2.53
153,Port Elizabeth,ZA,2021-07-28 21:27:33,-33.918,25.5701,53.89,82,40,6.91
154,Rosetown,CA,2021-07-28 21:27:33,51.5501,-108.0014,82.98,15,10,1.14
155,Casino,AU,2021-07-28 21:27:33,-28.8667,153.05,62.56,77,72,9.22
156,Kungurtug,RU,2021-07-28 21:27:34,50.5994,97.5228,49.64,96,50,1.07
157,Natchez,US,2021-07-28 21:27:34,31.5604,-91.4032,94.44,56,1,0.0
158,Cherskiy,RU,2021-07-28 21:27:34,68.75,161.3,37.54,85,100,17.85
159,Staraya Poltavka,RU,2021-07-28 21:27:35,50.4772,46.4814,72.39,42,43,6.69
160,Huarmey,PE,2021-07-28 21:27:35,-10.0681,-78.1522,70.07,72,56,12.48
161,Gombong,ID,2021-07-28 21:27:35,-7.6072,109.5142,73.92,82,89,3.29
162,Novaya Igirma,RU,2021-07-28 21:27:36,57.1334,103.9112,62.55,62,3,2.19
163,Usogorsk,RU,2021-07-28 21:27:36,63.4106,48.6872,49.57,98,99,4.34
164,Flinders,AU,2021-07-28 21:27:36,-34.5833,150.8552,53.19,60,0,5.99
165,Vuktyl,RU,2021-07-28 21:27:37,63.8567,57.3094,43.81,97,100,3.11
166,San Andres,CO,2021-07-28 21:27:37,12.5847,-81.7006,86.02,74,75,14.97
167,Thinadhoo,MV,2021-07-28 21:27:38,0.5333,72.9333,79.61,78,99,2.39
168,Chokurdakh,RU,2021-07-28 21:27:38,70.6333,147.9167,38.82,77,100,10.4
169,Mizan Teferi,ET,2021-07-28 21:27:38,6.9833,35.5833,61.65,97,100,1.54
170,Kjollefjord,NO,2021-07-28 21:27:39,70.9457,27.3465,46.45,91,100,8.46
171,Bethel,US,2021-07-28 21:27:39,41.3712,-73.414,82.09,56,0,5.99
172,Capao Da Canoa,BR,2021-07-28 21:27:39,-29.7456,-50.0097,47.16,73,11,22.75
173,Pereslavl-Zalesskiy,RU,2021-07-28 21:27:40,56.7393,38.8563,61.02,91,100,8.72
174,Grindavik,IS,2021-07-28 21:27:40,63.8424,-22.4338,57.15,82,0,16.11
175,Hami,CN,2021-07-28 21:27:41,42.8,93.45,87.76,19,17,9.78
176,Sernur,RU,2021-07-28 21:27:41,56.9333,49.1536,54.18,62,4,6.6
177,Roma,US,2021-07-28 21:25:27,43.2128,-75.4557,78.66,57,40,11.5
178,Monrovia,LR,2021-07-28 21:27:42,6.3005,-10.7969,76.91,72,100,10.42
179,Arraial Do Cabo,BR,2021-07-28 21:27:42,-22.9661,-42.0278,71.56,82,90,11.5
180,Vao,NC,2021-07-28 21:27:42,-22.6667,167.4833,69.46,67,99,15.88
181,Mahibadhoo,MV,2021-07-28 21:27:43,3.7833,72.9667,82.06,75,100,8.84
182,Los Llanos De Aridane,ES,2021-07-28 21:27:43,28.6585,-17.9182,69.55,90,75,13.8
183,Lima,PE,2021-07-28 21:25:48,-12.0432,-77.0282,61.14,82,90,10.36
184,Nuuk,GL,2021-07-28 21:27:44,64.1835,-51.7216,47.01,81,51,16.11
185,Kupang,ID,2021-07-28 21:25:04,-10.1667,123.5833,74.17,84,8,8.97
186,South Venice,US,2021-07-28 21:27:44,27.0531,-82.4243,89.64,70,1,6.91
187,Hasaki,JP,2021-07-28 21:27:45,35.7333,140.8333,77.29,87,100,14.88
188,Ugoofaaru,MV,2021-07-28 21:27:45,5.6667,73.0,82.63,77,100,12.33
189,Kudahuvadhoo,MV,2021-07-28 21:27:45,2.6708,72.8944,81.43,76,98,7.94
190,Mungwi,ZM,2021-07-28 21:27:46,-10.1732,31.3694,52.93,53,2,4.27
191,Jaspur,IN,2021-07-28 21:27:46,29.2833,78.8167,77.56,90,100,3.8
192,Hamilton,US,2021-07-28 21:27:07,39.1834,-84.5333,91.65,57,20,1.01
193,Katobu,ID,2021-07-28 21:27:47,-4.9408,122.5276,73.85,93,69,3.96
194,Douglas,US,2021-07-28 21:24:34,41.3,-96.167,97.66,46,40,6.91
195,Nanortalik,GL,2021-07-28 21:23:03,60.1432,-45.2371,46.63,87,75,8.52
196,Ribeira Grande,PT,2021-07-28 21:27:47,38.5167,-28.7,72.88,80,82,7.76
197,Zhangye,CN,2021-07-28 21:27:48,38.9342,100.4517,72.09,25,0,7.81
198,Santo Antonio Do Ica,BR,2021-07-28 21:27:48,-3.1022,-67.9397,86.76,61,78,1.92
199,Barth,DE,2021-07-28 21:27:48,54.3635,12.7249,66.09,62,7,12.1
200,Saint-Pierre,RE,2021-07-28 21:27:49,-21.3393,55.4781,67.68,71,90,6.91
201,Tefe,BR,2021-07-28 21:27:49,-3.3542,-64.7114,91.51,55,20,2.3
202,Goure,NE,2021-07-28 21:27:49,13.9835,10.2704,76.01,65,100,6.13
203,Tecpatan,MX,2021-07-28 21:27:50,17.1333,-93.3,90.41,81,77,5.66
204,Ostrovnoy,RU,2021-07-28 21:23:40,68.0531,39.5131,45.5,82,100,4.12
205,Ushtobe,KZ,2021-07-28 21:27:50,45.2514,77.9838,67.51,27,0,19.8
206,Moose Factory,CA,2021-07-28 21:27:51,51.2585,-80.6094,64.4,88,90,5.75
207,Port Lincoln,AU,2021-07-28 21:27:51,-34.7333,135.8667,48.4,79,5,11.41
208,Atambua,ID,2021-07-28 21:27:51,-9.1061,124.8925,69.3,88,16,5.08
209,Kuching,MY,2021-07-28 21:27:52,1.55,110.3333,75.42,94,40,2.3
210,Nikolskoye,RU,2021-07-28 21:27:52,59.7035,30.7861,67.8,98,97,3.27
211,Mabamba,TZ,2021-07-28 21:27:52,-3.5983,30.5019,66.42,42,8,2.59
212,Verkh-Chebula,RU,2021-07-28 21:27:53,56.0308,87.6218,57.9,63,100,3.2
213,Nyimba,ZM,2021-07-28 21:27:53,-14.5566,30.8149,58.8,65,1,4.61
214,San Patricio,US,2021-07-28 21:27:54,28.017,-97.5169,95.07,43,60,13.53
215,Mersing,MY,2021-07-28 21:27:54,2.4312,103.8405,76.91,88,51,4.61
216,Mahebourg,MU,2021-07-28 21:27:54,-20.4081,57.7,71.26,83,75,21.85
217,Sioux Lookout,CA,2021-07-28 21:27:55,50.1001,-91.917,84.27,58,90,9.22
218,Aklavik,CA,2021-07-28 21:27:55,68.2191,-135.0107,66.92,72,75,8.05
219,Oranjemund,NA,2021-07-28 21:27:55,-28.55,16.4333,53.74,88,1,9.48
220,Ixtapa,MX,2021-07-28 21:27:56,20.7,-105.2,88.83,66,20,10.36
221,Cayenne,GF,2021-07-28 21:27:56,4.9333,-52.3333,82.44,82,0,3.0
222,Norman Wells,CA,2021-07-28 21:27:57,65.282,-126.8329,59.04,94,90,8.05
223,Calmar,CA,2021-07-28 21:27:57,53.2668,-113.8187,84.51,46,20,11.5
224,Krasnoselkup,RU,2021-07-28 21:27:57,65.7,82.4667,47.23,89,23,11.27
225,Iqaluit,CA,2021-07-28 21:27:58,63.7506,-68.5145,49.73,66,75,8.99
226,Kodiak,US,2021-07-28 21:27:58,57.79,-152.4072,56.71,72,90,6.91
227,Laguna,US,2021-07-28 21:27:59,38.421,-121.4238,104.61,29,75,3.0
228,Takoradi,GH,2021-07-28 21:27:59,4.8845,-1.7554,75.92,81,83,6.98
229,Beidao,CN,2021-07-28 21:27:59,34.5686,105.8933,64.85,73,2,2.01
230,Irpa Irpa,BO,2021-07-28 21:28:00,-17.7167,-66.2667,78.8,35,94,1.05
231,Sarakhs,IR,2021-07-28 21:28:00,36.5449,61.1577,82.54,23,0,6.91
232,Port Augusta,AU,2021-07-28 21:28:00,-32.5,137.7667,39.7,81,0,3.36
233,La Union,PE,2021-07-28 21:28:01,-5.4,-80.75,83.75,44,1,17.96
234,Falmouth,GB,2021-07-28 21:28:01,50.1544,-5.0711,59.9,84,20,3.0
235,Fort Frances,CA,2021-07-28 21:28:02,48.5999,-93.4003,79.02,73,20,6.91
236,Lata,PT,2021-07-28 21:28:02,40.1629,-8.3327,71.04,84,0,2.95
237,Khandyga,RU,2021-07-28 21:28:02,62.6667,135.6,57.02,52,0,8.81
238,Jiwani,PK,2021-07-28 21:28:03,25.05,61.7417,83.03,86,81,6.04
239,Severomorsk,RU,2021-07-28 21:28:03,69.0689,33.4162,45.0,90,63,0.83
240,Saldanha,ZA,2021-07-28 21:28:03,-33.0117,17.9442,50.05,72,20,9.42
241,Lac Du Bonnet,CA,2021-07-28 21:28:04,50.2536,-96.0612,82.58,25,100,18.48
242,Meulaboh,ID,2021-07-28 21:28:04,4.1363,96.1285,75.69,90,85,4.05
243,Sorland,NO,2021-07-28 21:28:05,67.667,12.6934,51.87,86,82,22.1
244,Oktyabrskiy,RU,2021-07-28 21:28:05,54.4815,53.471,52.93,62,2,2.17
245,Rosarito,MX,2021-07-28 21:28:05,32.3333,-117.0333,95.94,65,12,13.76
246,Puerto Ayacucho,VE,2021-07-28 21:28:06,5.6639,-67.6236,80.94,78,79,6.4
247,Novoagansk,RU,2021-07-28 21:28:06,61.9449,76.6625,54.23,99,100,2.24
248,Araouane,ML,2021-07-28 21:28:06,18.9048,-3.5265,96.4,31,96,2.39
249,Dalby,AU,2021-07-28 21:28:07,-27.1833,151.2667,52.5,88,57,7.45
250,Kavaratti,IN,2021-07-28 21:28:07,10.5669,72.642,82.13,77,100,18.21
251,Abu Dhabi,AE,2021-07-28 21:28:07,24.4667,54.3667,96.91,52,0,0.0
252,Gao,ML,2021-07-28 21:28:08,16.6362,1.637,91.74,41,60,9.31
253,Yatsushiro,JP,2021-07-28 21:28:08,32.5,130.6,75.6,81,0,2.06
254,Gat,IL,2021-07-28 21:28:08,31.61,34.7642,81.28,77,0,5.01
255,Kushmurun,KZ,2021-07-28 21:28:09,52.4503,64.6311,55.47,65,39,7.58
256,Moree,AU,2021-07-28 21:28:09,-29.4667,149.85,46.42,93,1,5.75
257,Uruacu,BR,2021-07-28 21:28:09,-14.5247,-49.1408,81.3,27,0,2.1
258,Kuopio,FI,2021-07-28 21:28:10,62.8924,27.677,69.75,68,0,4.61
259,Lerwick,GB,2021-07-28 21:28:10,60.1545,-1.1494,57.2,98,98,10.76
260,Kapoeta,SS,2021-07-28 21:25:18,4.7717,33.5903,79.12,56,100,1.81
261,Port Hardy,CA,2021-07-28 21:28:11,50.6996,-127.4199,68.18,60,20,4.61
262,Mweka,CD,2021-07-28 21:28:11,-4.85,21.5667,71.73,30,9,0.94
263,Olinda,BR,2021-07-28 21:28:12,-8.0089,-34.8553,76.73,73,75,8.05
264,Magdagachi,RU,2021-07-28 21:28:12,53.45,125.8,59.02,98,30,5.61
265,Dzaoudzi,YT,2021-07-28 21:28:12,-12.7887,45.2699,73.29,78,0,9.22
266,Tuatapere,NZ,2021-07-28 21:28:13,-46.1333,167.6833,43.83,86,92,6.55
267,Aksu,CN,2021-07-28 21:28:13,41.1231,80.2644,83.68,33,65,3.33
268,Camana,PE,2021-07-28 21:28:13,-16.6228,-72.7111,62.17,80,60,8.5
269,Narsaq,GL,2021-07-28 21:28:14,60.9167,-46.05,53.82,77,74,5.53
270,Yilan,TW,2021-07-28 21:28:14,24.757,121.753,84.31,99,86,2.24
271,Tezu,IN,2021-07-28 21:28:14,27.9167,96.1667,77.22,91,100,3.98
272,Basco,PH,2021-07-28 21:28:15,20.4487,121.9702,83.39,85,88,24.85
273,Barauna,BR,2021-07-28 21:28:15,-5.08,-37.6167,78.06,75,49,13.8
274,Shingu,JP,2021-07-28 21:28:15,33.7333,135.9833,81.91,88,5,5.03
275,Naze,JP,2021-07-28 21:28:16,28.3667,129.4833,77.72,89,38,9.13
276,Maragogi,BR,2021-07-28 21:28:16,-9.0122,-35.2225,74.39,81,0,5.12
277,Lanigan,CA,2021-07-28 21:28:16,51.8501,-105.0344,82.29,16,29,10.92
278,Cortez,US,2021-07-28 21:25:22,37.3489,-108.5859,88.68,41,1,4.61
279,Salinas,US,2021-07-28 21:28:17,36.6777,-121.6555,94.57,59,1,10.36
280,Constitucion,CL,2021-07-28 21:27:16,-35.3333,-72.4167,56.61,54,0,4.72
281,Airai,TL,2021-07-28 21:28:18,-8.9266,125.4092,56.5,61,19,3.09
282,Pisco,PE,2021-07-28 21:28:18,-13.7,-76.2167,68.05,68,0,11.5
283,Abu Samrah,SY,2021-07-28 21:28:18,35.3029,37.1841,80.42,34,0,11.56
284,Tura,IN,2021-07-28 21:28:19,25.5198,90.2201,74.01,95,97,5.21
285,North Myrtle Beach,US,2021-07-28 21:28:19,33.816,-78.68,88.29,83,1,1.99
286,Hagere Hiywet,ET,2021-07-28 21:28:20,8.9833,37.85,57.79,95,96,4.21
287,Santa Maria,BR,2021-07-28 21:28:20,-29.6842,-53.8069,45.7,76,75,8.05
288,Fort Nelson,CA,2021-07-28 21:28:20,58.8053,-122.7002,74.79,35,75,8.05
289,Mao,ES,2021-07-28 21:28:21,39.8885,4.2658,75.76,69,0,9.22
290,Buraydah,SA,2021-07-28 21:28:21,26.326,43.975,97.25,15,35,9.04
291,Iquitos,PE,2021-07-28 21:25:04,-3.7481,-73.2472,87.84,66,40,5.75
292,Sao Miguel Do Araguaia,BR,2021-07-28 21:28:21,-13.275,-50.1628,85.8,20,0,5.21
293,Kahului,US,2021-07-28 21:28:22,20.8947,-156.47,83.46,84,40,20.71
294,Olga,RU,2021-07-28 21:28:22,43.7444,135.2892,68.83,82,0,2.64
295,Ampanihy,MG,2021-07-28 21:28:22,-24.7,44.75,63.09,85,8,9.57
296,High Level,CA,2021-07-28 21:28:23,58.5169,-117.136,75.31,43,40,6.91
297,Marystown,CA,2021-07-28 21:28:23,47.1666,-55.1483,64.99,88,95,6.98
298,Dauphin,CA,2021-07-28 21:28:23,51.1494,-100.0502,80.74,44,1,12.66
299,Pinega,RU,2021-07-28 21:28:24,64.7001,43.3936,44.96,98,13,4.59
300,Daru,PG,2021-07-28 21:28:24,-9.0763,143.2092,77.13,92,56,12.59
301,Sitka,US,2021-07-28 21:28:25,57.0531,-135.33,64.29,63,20,5.75
302,Tuskegee,US,2021-07-28 21:28:25,32.424,-85.6916,94.28,47,100,2.08
303,Touros,BR,2021-07-28 21:28:26,-5.1989,-35.4608,79.7,81,7,16.8
304,Namtsy,RU,2021-07-28 21:28:26,62.7161,129.6658,55.51,52,0,7.11
305,Chimoio,MZ,2021-07-28 21:28:26,-19.1164,33.4833,57.06,88,40,1.57
306,Trofors,NO,2021-07-28 21:28:27,65.5333,13.4063,67.77,62,65,1.79
307,Sal Rei,CV,2021-07-28 21:28:27,16.1833,-22.9167,77.56,76,95,12.3
308,Santander,ES,2021-07-28 21:24:31,43.4647,-3.8044,67.46,80,40,1.99
309,Russell,US,2021-07-28 21:28:27,32.3502,-85.1999,93.51,59,40,3.44
310,Ozinki,RU,2021-07-28 21:28:28,51.1786,49.6769,68.18,52,79,3.58
311,Beipiao,CN,2021-07-28 21:28:28,41.7919,120.7792,73.8,79,100,3.38
312,Pasighat,IN,2021-07-28 21:28:28,28.0667,95.3333,78.31,93,95,3.94
313,Paralimni,CY,2021-07-28 21:28:29,35.0375,33.9833,87.12,43,0,1.01
314,Mansehra,PK,2021-07-28 21:28:29,34.3333,73.2,72.52,94,100,2.15
315,Hithadhoo,MV,2021-07-28 21:28:30,-0.6,73.0833,80.26,79,100,8.99
316,Ahipara,NZ,2021-07-28 21:28:30,-35.1667,173.1667,55.67,90,41,5.26
317,Sosnovo-Ozerskoye,RU,2021-07-28 21:28:30,52.5249,111.5418,51.13,95,50,3.91
318,Tacuarembo,UY,2021-07-28 21:28:31,-31.7333,-55.9833,40.71,71,56,15.82
319,Balkhash,KZ,2021-07-28 21:28:31,46.844,74.9804,71.17,37,79,11.01
320,Erzin,TR,2021-07-28 21:28:31,36.9559,36.2,86.72,32,0,8.88
321,Bireun,ID,2021-07-28 21:28:32,5.203,96.7009,77.43,73,54,4.94
322,Muzhi,RU,2021-07-28 21:28:32,65.3667,64.6667,43.77,87,67,5.1
323,Sao Sebastiao,BR,2021-07-28 21:25:07,-23.76,-45.4097,55.53,92,100,5.53
324,Talnakh,RU,2021-07-28 21:28:33,69.4865,88.3972,54.81,87,100,4.29
325,Sao Filipe,CV,2021-07-28 21:28:33,14.8961,-24.4956,75.36,77,15,10.27
326,Bontang,ID,2021-07-28 21:28:33,0.1333,117.5,77.22,89,98,8.08
327,Akyab,MM,2021-07-28 21:28:34,20.15,92.9,81.34,87,100,17.56
328,Akdepe,TM,2021-07-28 21:26:14,42.0551,59.3788,77.09,49,47,11.68
329,Ilulissat,GL,2021-07-28 21:28:34,69.2167,-51.1,51.82,71,100,4.61
330,Sioux City,US,2021-07-28 21:24:51,42.5,-96.4003,97.59,55,1,17.27
331,Tocopilla,CL,2021-07-28 21:28:35,-22.092,-70.1979,68.04,51,18,7.52
332,Ewa Beach,US,2021-07-28 21:26:38,21.3156,-158.0072,84.15,63,75,19.57
333,Qaqortoq,GL,2021-07-28 21:28:35,60.7167,-46.0333,54.1,80,52,4.0
334,Acapulco,MX,2021-07-28 21:28:36,16.8634,-99.8901,85.82,74,40,4.61
335,Atar,MR,2021-07-28 21:28:36,20.5169,-13.0499,98.06,18,63,7.7
336,Hualmay,PE,2021-07-28 21:28:36,-11.0964,-77.6139,67.39,74,54,11.18
337,Beringovskiy,RU,2021-07-28 21:28:37,63.05,179.3167,48.2,72,100,12.55
338,Mareeba,AU,2021-07-28 21:28:37,-17.0,145.4333,60.44,97,51,1.1
339,Karratha,AU,2021-07-28 21:28:38,-20.7377,116.8463,65.21,68,7,10.0
340,Katsuura,JP,2021-07-28 21:28:38,35.1333,140.3,82.51,87,98,14.14
341,Pocosol,CR,2021-07-28 21:28:38,10.3667,-84.6167,82.36,83,98,4.27
342,Vila Velha,BR,2021-07-28 21:28:39,-20.3297,-40.2925,73.35,83,0,14.97
343,Adrar,MR,2021-07-28 21:28:39,20.5022,-10.0711,97.92,13,98,7.52
344,Vila Franca Do Campo,PT,2021-07-28 21:28:39,37.7167,-25.4333,70.21,87,52,8.14
345,Asau,RO,2021-07-28 21:28:40,46.4333,26.4,70.75,84,57,5.5
346,Sangar,RU,2021-07-28 21:28:40,63.9242,127.4739,53.56,55,0,2.95
347,Marawi,PH,2021-07-28 21:28:40,7.9986,124.2928,67.64,82,63,4.97
348,Ronda,ES,2021-07-28 21:28:31,36.7423,-5.1671,72.54,65,0,5.93
349,Yinchuan,CN,2021-07-28 21:28:41,38.4681,106.2731,75.11,42,2,2.93
350,Kutum,SD,2021-07-28 21:25:10,14.2,24.6667,76.26,62,68,4.32
351,Victoria,HK,2021-07-28 21:28:41,22.2855,114.1577,86.38,86,100,8.01
352,Dandong,CN,2021-07-28 21:28:42,40.1292,124.3947,74.57,89,100,2.01
353,Korla,CN,2021-07-28 21:28:42,41.7597,86.1469,87.26,25,36,5.84
354,Oschatz,DE,2021-07-28 21:28:43,51.3,13.1167,68.9,78,0,11.97
355,Bengkulu,ID,2021-07-28 21:28:43,-3.8004,102.2655,74.64,85,57,4.72
356,Kruisfontein,ZA,2021-07-28 21:28:43,-34.0033,24.7314,47.88,86,39,4.81
357,Jumla,NP,2021-07-28 21:28:44,29.2747,82.1838,60.98,94,66,1.45
358,Bay City,US,2021-07-28 21:23:49,43.5945,-83.8889,87.67,55,1,8.05
359,Guerrero Negro,MX,2021-07-28 21:25:31,27.9769,-114.0611,80.82,55,1,17.92
360,Kununurra,AU,2021-07-28 21:28:44,-15.7667,128.7333,66.18,88,74,1.14
361,Livingstonia,MW,2021-07-28 21:28:45,-10.606,34.1063,55.78,61,58,3.96
362,Chimbote,PE,2021-07-28 21:24:43,-9.0853,-78.5783,68.27,77,59,12.68
363,Half Moon Bay,US,2021-07-28 21:28:45,37.4636,-122.4286,98.58,62,40,8.05
364,Chuy,UY,2021-07-28 21:28:45,-33.6971,-53.4616,42.78,73,18,16.58
365,Beatrice,US,2021-07-28 21:28:46,40.2681,-96.747,100.72,46,1,11.5
366,Matara,LK,2021-07-28 21:28:46,5.9485,80.5353,78.67,87,91,10.69
367,Riyadh,SA,2021-07-28 21:25:04,24.6877,46.7219,100.54,12,100,13.42
368,Jining,CN,2021-07-28 21:28:47,35.405,116.5814,75.0,1,100,8.28
369,Port Macquarie,AU,2021-07-28 21:28:47,-31.4333,152.9167,55.36,80,8,9.08
370,Codrington,AU,2021-07-28 21:28:47,-38.2667,141.9667,43.54,91,6,10.13
371,Calvinia,ZA,2021-07-28 21:28:48,-31.4707,19.776,40.93,88,8,4.43
372,Okato,NZ,2021-07-28 21:28:48,-39.2,173.8833,51.42,90,44,1.28
373,Carlyle,US,2021-07-28 21:26:17,38.6103,-89.3726,93.52,61,3,3.0
374,Suntar,RU,2021-07-28 21:28:48,62.1444,117.6319,59.58,72,21,4.03
375,Saint Anthony,US,2021-07-28 21:28:49,45.0205,-93.218,91.33,49,1,14.97
376,Uribia,CO,2021-07-28 21:28:49,11.7139,-72.266,91.85,42,15,16.82
377,Namibe,AO,2021-07-28 21:28:50,-15.1961,12.1522,63.97,88,17,2.08
378,Pedernales,DO,2021-07-28 21:28:50,18.0384,-71.744,86.49,60,54,2.98
379,Koungou,YT,2021-07-28 21:28:50,-12.7336,45.2042,73.11,78,0,9.22
380,Yulara,AU,2021-07-28 21:28:51,-25.2406,130.9889,48.04,71,0,5.75
381,Namuac,PH,2021-07-28 21:28:51,18.6109,121.1657,78.94,84,86,4.92
382,Rorvik,NO,2021-07-28 21:28:51,64.8621,11.2373,64.71,68,52,10.87
383,Turayf,SA,2021-07-28 21:28:52,31.6725,38.6637,80.85,54,0,10.36
384,Mehamn,NO,2021-07-28 21:28:52,71.0357,27.8492,46.58,93,100,7.25
385,Kontagora,NG,2021-07-28 21:28:52,10.3999,5.4695,72.86,92,100,3.49
386,Aginskoye,RU,2021-07-28 21:28:53,51.1,114.53,56.23,91,11,4.05
387,Valparaiso,CL,2021-07-28 21:28:53,-33.0393,-71.6273,64.63,53,0,4.61
388,Chapais,CA,2021-07-28 21:28:53,49.7834,-74.8492,67.78,37,96,8.05
389,Shimoda,JP,2021-07-28 21:28:54,34.6667,138.95,75.11,88,70,10.71
390,Vardo,NO,2021-07-28 21:28:54,70.3705,31.1107,46.6,88,100,4.68
391,Yokaichiba,JP,2021-07-28 21:28:54,35.7,140.55,82.9,100,40,4.61
392,Bonthe,SL,2021-07-28 21:28:55,7.5264,-12.505,77.7,72,100,10.65
393,Semey,KZ,2021-07-28 21:28:55,50.4111,80.2275,59.56,49,3,5.53
394,Tucuma,BR,2021-07-28 21:28:55,-0.1833,-50.05,78.37,87,14,4.76
395,Ridgecrest,US,2021-07-28 21:28:11,35.6225,-117.6709,102.06,19,40,4.0
396,Moerai,PF,2021-07-28 21:28:56,-22.4333,-151.3333,72.0,72,11,10.67
397,Elko,US,2021-07-28 21:27:02,41.0002,-115.5012,87.82,26,49,1.99
398,Dakar,SN,2021-07-28 21:28:09,14.6937,-17.4441,81.48,74,40,9.22
399,Mount Gambier,AU,2021-07-28 21:28:57,-37.8333,140.7667,42.71,93,8,4.61
400,Mezen,RU,2021-07-28 21:28:57,65.8522,44.24,46.89,91,98,3.36
401,Puerto Escondido,MX,2021-07-28 21:28:58,15.85,-97.0667,90.43,62,1,9.22
402,Myitkyina,MM,2021-07-28 21:28:58,25.3833,97.4,74.88,99,92,0.74
403,Mount Isa,AU,2021-07-28 21:28:58,-20.7333,139.5,51.57,71,6,1.14
404,Sur,OM,2021-07-28 21:28:59,22.5667,59.5289,94.84,44,100,18.95
405,Mananjary,MG,2021-07-28 21:28:59,-21.2167,48.3333,66.52,86,42,5.06
406,Mwinilunga,ZM,2021-07-28 21:28:59,-11.7358,24.4293,55.26,43,2,3.62
407,Charleston,US,2021-07-28 21:29:00,32.7766,-79.9309,86.02,85,40,1.99
408,Naryan-Mar,RU,2021-07-28 21:29:00,67.6713,53.087,43.79,88,100,4.74
409,Tabou,CI,2021-07-28 21:29:00,4.423,-7.3528,76.14,80,92,6.51
410,Salalah,OM,2021-07-28 21:29:01,17.0151,54.0924,78.89,94,90,9.22
411,Knokke-Heist,BE,2021-07-28 21:29:01,51.3333,3.3333,64.02,75,7,11.01
412,Walvis Bay,NA,2021-07-28 21:29:02,-22.9575,14.5053,58.15,62,0,6.91
413,Tual,ID,2021-07-28 21:29:02,-5.6667,132.75,79.9,85,25,17.11
414,Sao Joao Da Barra,BR,2021-07-28 21:29:02,-21.6403,-41.0511,71.69,83,57,22.03
415,Vershino-Darasunskiy,RU,2021-07-28 21:29:03,52.35,115.5167,50.29,97,58,3.27
416,Kharp,RU,2021-07-28 21:29:03,66.8014,65.8081,47.14,90,100,1.19
417,Brokopondo,SR,2021-07-28 21:29:03,4.75,-55.1667,84.51,67,67,4.54
418,Bambous Virieux,MU,2021-07-28 21:29:04,-20.3428,57.7575,71.22,83,75,21.85
419,Odweyne,SO,2021-07-28 21:29:04,9.4092,45.064,68.34,66,82,18.66
420,General Pico,AR,2021-07-28 21:29:04,-35.6566,-63.7568,46.18,40,1,4.38
421,Wilmington,US,2021-07-28 21:26:35,34.2257,-77.9447,86.99,81,1,8.05
422,Sinegorye,RU,2021-07-28 21:29:05,62.0788,150.477,40.89,89,100,5.06
423,San Vicente,AR,2021-07-28 21:29:05,-26.6167,-54.1333,44.69,46,1,7.31
424,Penzance,GB,2021-07-28 21:29:06,50.1186,-5.5371,60.01,74,53,22.7
425,Aripuana,BR,2021-07-28 21:29:06,-9.1667,-60.6333,93.43,29,9,3.65
426,Mendi,PG,2021-07-28 21:29:07,-6.1761,143.6513,52.38,95,57,3.87
427,Bubaque,GW,2021-07-28 21:29:07,11.2833,-15.8333,79.29,83,100,22.66
428,Gigmoto,PH,2021-07-28 21:29:07,13.7796,124.39,81.79,82,100,12.03
429,Lakhdenpokhya,RU,2021-07-28 21:29:08,61.5198,30.1992,61.38,99,99,2.62
430,Soyo,AO,2021-07-28 21:29:08,-6.1349,12.3689,72.7,89,10,8.88
431,Tres Arroyos,AR,2021-07-28 21:29:09,-38.3739,-60.2798,41.72,62,10,7.0
432,Kokkola,FI,2021-07-28 21:29:09,63.8385,23.1307,68.94,78,0,1.14
433,Clyde River,CA,2021-07-28 21:28:12,70.4692,-68.5914,52.03,66,75,8.05
434,Ambon,ID,2021-07-28 21:29:09,-3.6954,128.1814,79.54,85,82,9.06
435,Teya,RU,2021-07-28 21:29:10,60.3778,92.6267,54.75,87,100,0.63
436,Monte Patria,CL,2021-07-28 21:25:53,-30.6919,-70.9467,70.57,11,0,4.41
437,Lastoursville,GA,2021-07-28 21:29:10,-0.8143,12.7287,75.25,75,83,2.33
438,Longyearbyen,SJ,2021-07-28 21:29:11,78.2186,15.6401,44.44,87,90,11.5
439,Digha,IN,2021-07-28 21:29:11,21.6833,87.55,78.62,92,100,15.43
440,Qui Nhon,VN,2021-07-28 21:29:11,13.7667,109.2333,84.94,69,95,9.55
441,Mayo,US,2021-07-28 21:29:12,38.8876,-76.5119,93.24,58,20,5.99
442,Bolshoy Lug,RU,2021-07-28 21:29:12,52.0779,104.0919,55.58,87,71,2.73
443,Venado Tuerto,AR,2021-07-28 21:29:12,-33.7456,-61.9688,44.89,40,6,8.08
444,Nevelsk,RU,2021-07-28 21:29:13,46.6733,141.8633,68.43,79,0,2.75
445,Liverpool,GB,2021-07-28 21:25:03,53.4106,-2.9779,57.61,80,75,7.0
446,Eldorado,BR,2021-07-28 21:29:13,-23.7869,-54.2836,52.09,32,5,9.8
447,Vostok,RU,2021-07-28 21:29:14,46.4856,135.8833,73.26,83,62,2.8
448,Bhadrachalam,IN,2021-07-28 21:29:14,17.6667,80.8833,79.43,79,100,6.44
449,Makakilo City,US,2021-07-28 21:27:57,21.3469,-158.0858,82.72,63,40,10.36
450,Cap Malheureux,MU,2021-07-28 21:29:14,-19.9842,57.6142,71.47,74,100,10.0
451,Acari,PE,2021-07-28 21:29:15,-15.4311,-74.6158,68.07,70,62,7.18
452,Qarayeri,AZ,2021-07-28 21:29:15,40.7886,46.3066,70.68,88,90,2.3
453,Port Hawkesbury,CA,2021-07-28 21:29:15,45.6169,-61.3485,66.69,95,90,2.3
454,Vysokogornyy,RU,2021-07-28 21:29:16,50.1167,139.15,73.04,80,100,2.33
455,Wanning,CN,2021-07-28 21:29:16,18.8003,110.3967,80.46,88,100,7.05
456,Deputatskiy,RU,2021-07-28 21:29:17,69.3,139.9,42.15,71,49,2.82
457,Torbay,CA,2021-07-28 21:29:17,47.6666,-52.7314,74.17,86,75,10.36
458,Kaeo,NZ,2021-07-28 21:29:17,-35.1,173.7833,50.32,97,29,2.57
459,Madingou,CG,2021-07-28 21:29:18,-4.1536,13.55,76.55,56,63,5.28
460,Fort Wellington,GY,2021-07-28 21:29:18,6.4,-57.6,82.31,73,11,7.99
461,Fare,PF,2021-07-28 21:29:18,-16.7,-151.0167,77.63,70,53,4.56
462,La Joya,MX,2021-07-28 21:29:19,18.6667,-99.4667,89.38,49,49,3.06
463,Sambava,MG,2021-07-28 21:29:19,-14.2667,50.1667,65.68,82,0,9.66
464,Hitoyoshi,JP,2021-07-28 21:29:20,32.2167,130.75,74.12,93,0,2.35
465,Sisimiut,GL,2021-07-28 21:29:20,66.9395,-53.6735,49.42,77,76,9.93
466,Wagar,SD,2021-07-28 21:29:20,16.1525,36.2032,83.03,68,72,16.04
467,Hirado,JP,2021-07-28 21:29:21,33.3597,129.5531,79.39,81,0,5.37
468,Shouguang,CN,2021-07-28 21:29:21,36.88,118.7375,74.23,90,100,19.77
469,Raudeberg,NO,2021-07-28 21:29:21,61.9875,5.1352,63.19,96,52,5.68
470,Haines City,US,2021-07-28 21:29:22,28.1142,-81.6179,86.79,81,1,1.99
471,Lasa,IT,2021-07-28 21:29:22,46.6166,10.7002,62.02,93,14,1.19
472,Alyangula,AU,2021-07-28 21:29:22,-13.8483,136.4192,62.47,100,75,0.0
473,Pitimbu,BR,2021-07-28 21:29:23,-7.4706,-34.8086,77.59,82,17,11.27
474,Siparia,TT,2021-07-28 21:29:23,10.1333,-61.5,84.06,89,9,8.59
475,Weihai,CN,2021-07-28 21:29:23,37.5017,122.1136,77.11,84,100,6.89
476,Denpasar,ID,2021-07-28 21:29:24,-8.65,115.2167,78.46,94,75,6.91
477,Kirensk,RU,2021-07-28 21:29:24,57.7853,108.1119,64.53,68,91,4.05
478,Verkhoyansk,RU,2021-07-28 21:29:25,67.5447,133.385,49.51,61,45,4.68
479,Zhangjiakou,CN,2021-07-28 21:29:25,40.81,114.8794,66.25,90,27,1.5
480,Piranhas,BR,2021-07-28 21:29:25,-16.4269,-51.8222,83.26,37,80,10.89
481,Sergeyevka,KZ,2021-07-28 21:29:26,53.88,67.4158,48.47,75,0,6.22
482,Orthez,FR,2021-07-28 21:29:26,43.4884,-0.7724,67.93,78,77,4.41
483,Lipari,IT,2021-07-28 21:29:26,38.4674,14.954,82.96,72,0,0.67
484,Nemuro,JP,2021-07-28 21:29:27,43.3236,145.575,65.64,100,100,10.09
485,Inuvik,CA,2021-07-28 21:29:27,68.3499,-133.7218,66.96,59,75,11.5
486,Ponta Delgada,PT,2021-07-28 21:29:27,37.7333,-25.6667,70.52,88,20,4.61
487,Ambovombe,MG,2021-07-28 21:29:28,-25.1667,46.0833,65.39,85,11,12.66
488,Rypin,PL,2021-07-28 21:29:28,53.066,19.4094,68.95,93,100,1.45
489,Zapolyarnyy,RU,2021-07-28 21:29:28,69.4154,30.8136,47.48,78,83,2.33
490,Merauke,ID,2021-07-28 21:25:19,-8.4667,140.3333,76.28,92,52,10.29
491,Jiuquan,CN,2021-07-28 21:29:29,39.7432,98.5174,74.08,25,0,2.37
492,Brazzaville,CG,2021-07-28 21:26:09,-4.2658,15.2832,75.56,69,27,2.3
493,Coos Bay,US,2021-07-28 21:29:29,43.3665,-124.2179,96.85,78,1,9.22
494,Roald,NO,2021-07-28 21:29:30,62.5833,6.1333,66.16,94,90,3.44
495,Pimentel,PE,2021-07-28 21:29:30,-6.8367,-79.9342,70.09,81,0,8.01
496,Eureka,US,2021-07-28 21:29:31,40.8021,-124.1637,69.26,71,39,5.01
497,Waipawa,NZ,2021-07-28 21:29:31,-41.4122,175.5153,48.94,81,4,4.09
498,Culiacan,MX,2021-07-28 21:27:45,24.7994,-107.3897,97.16,62,0,12.48
499,Nelson Bay,AU,2021-07-28 21:29:31,-32.7167,152.15,57.0,81,0,15.66
500,Taicheng,CN,2021-07-28 21:29:32,38.731,113.228,62.89,93,42,2.93
501,Ocampo,MX,2021-07-28 21:29:32,21.65,-101.5,71.15,41,100,6.82
502,Minas De Barroteran,MX,2021-07-28 21:29:33,27.6333,-101.2833,96.35,29,0,10.63
503,Boden,SE,2021-07-28 21:29:33,65.8252,21.6886,64.4,64,6,1.43
504,Puerto Madero,MX,2021-07-28 21:29:33,14.7208,-92.4215,88.0,66,75,11.5
505,Cruzeiro Do Oeste,BR,2021-07-28 21:29:34,-23.785,-53.0733,50.95,37,32,11.7
506,Marathon,US,2021-07-28 21:29:34,44.9,-89.7668,84.18,86,20,4.61
507,Vikulovo,RU,2021-07-28 21:29:34,56.8167,70.6107,47.89,93,89,7.29
508,Bayan,CN,2021-07-28 21:29:35,46.0833,127.4,71.71,88,84,2.93
509,Porto Murtinho,BR,2021-07-28 21:29:35,-21.6989,-57.8825,64.89,16,19,9.6
510,San Policarpo,PH,2021-07-28 21:29:36,12.1791,125.5072,79.63,84,100,6.26
511,Patiya,BD,2021-07-28 21:29:36,22.2931,91.9762,77.23,97,100,11.59
512,Hofn,IS,2021-07-28 21:29:36,64.2539,-15.2082,53.92,84,99,1.74
513,Lieksa,FI,2021-07-28 21:29:37,63.3167,30.0167,63.18,83,23,7.49
514,Praia Da Vitoria,PT,2021-07-28 21:29:37,38.7333,-27.0667,74.75,88,75,7.96
515,Krasnyy Luch,UA,2021-07-28 21:29:38,48.1395,38.9371,69.67,67,17,5.23
516,Ca Mau,VN,2021-07-28 21:29:38,9.1769,105.15,78.91,87,63,6.11
517,Buritis,BR,2021-07-28 21:29:38,-15.6178,-46.4233,80.42,27,0,1.19
518,Krasnoshchekovo,RU,2021-07-28 21:29:39,51.6708,82.7289,50.52,81,2,2.48
519,Tarpon Springs,US,2021-07-28 21:29:39,28.1461,-82.7568,88.2,79,40,5.01
520,Keti Bandar,PK,2021-07-28 21:29:39,24.1447,67.4497,82.36,85,100,22.55
521,Muros,ES,2021-07-28 21:29:40,42.7762,-9.0603,66.09,75,0,12.26
522,Suriapet,IN,2021-07-28 21:29:40,17.15,79.6167,80.8,62,100,16.35
523,Pevek,RU,2021-07-28 21:29:40,69.7008,170.3133,32.76,98,100,25.37
524,Alekseyevsk,RU,2021-07-28 21:29:41,57.8406,108.3492,65.52,68,92,4.32
525,Nicholasville,US,2021-07-28 21:26:59,37.8806,-84.573,90.28,47,1,4.61
526,Yerbogachen,RU,2021-07-28 21:29:41,61.2767,108.0108,65.53,63,0,8.19
527,Itoman,JP,2021-07-28 21:29:41,26.1247,127.6694,80.62,94,75,5.75
528,Alugan,PH,2021-07-28 21:29:42,12.2188,125.4808,79.11,85,100,6.13
529,Koumac,NC,2021-07-28 21:29:42,-20.5667,164.2833,68.65,67,5,3.15
530,Arman,RU,2021-07-28 21:29:43,59.7,150.1667,51.12,64,100,12.03
531,Ulaangom,MN,2021-07-28 21:29:43,49.9811,92.0667,59.83,65,8,8.19
532,Chama,CH,2021-07-28 21:29:43,47.1821,8.4636,66.34,89,75,0.0
533,Iralaya,HN,2021-07-28 21:29:44,15.0,-83.2333,75.29,82,96,10.74
534,Nizhniy Tsasuchey,RU,2021-07-28 21:29:44,50.5167,115.1333,58.86,89,5,1.23
535,Vikindu,TZ,2021-07-28 21:29:44,-7.0067,39.2985,69.13,88,0,7.11
536,Tanout,NE,2021-07-28 21:29:45,14.9709,8.8879,82.71,52,80,8.14
537,Naron,ES,2021-07-28 21:29:45,43.5167,-8.1528,66.6,89,0,7.2
538,Pogar,RU,2021-07-28 21:29:45,52.554,33.2591,67.53,86,25,5.99
539,Krasnogorskoye,RU,2021-07-28 21:29:46,52.2953,86.1979,57.34,77,92,2.53
540,Ancud,CL,2021-07-28 21:29:46,-41.8697,-73.8203,45.93,79,5,2.19
541,Ajdabiya,LY,2021-07-28 21:29:46,30.7554,20.2263,81.79,54,0,9.69
542,Jishou,CN,2021-07-28 21:29:47,28.3167,109.7167,74.89,97,83,2.95
543,Hay River,CA,2021-07-28 21:29:47,60.8156,-115.7999,76.96,46,75,8.05
544,Salvacion,PH,2021-07-28 21:29:48,7.9833,126.1333,73.98,96,70,2.44
545,Talpa,MX,2021-07-28 21:29:48,28.8257,-111.6257,105.57,36,0,14.0
546,Opuwo,NA,2021-07-28 21:29:48,-18.0607,13.84,59.38,28,2,7.72
547,Aksarka,RU,2021-07-28 21:29:49,66.5606,67.7975,43.03,93,90,5.03
548,Mahur,IN,2021-07-28 21:29:49,25.1667,93.1167,70.3,95,97,1.9
549,Pangkalanbuun,ID,2021-07-28 21:29:49,-2.6833,111.6167,73.38,97,42,1.99
550,Klaksvik,FO,2021-07-28 21:29:50,62.2266,-6.589,56.32,96,99,9.71
551,Capim Grosso,BR,2021-07-28 21:29:50,-11.3811,-40.0128,74.55,58,0,1.81
552,Indaial,BR,2021-07-28 21:29:50,-26.8978,-49.2317,56.61,52,1,6.91
553,Berlin,DE,2021-07-28 21:26:27,52.5244,13.4105,71.94,70,0,5.01
554,Stonewall,CA,2021-07-28 21:29:51,50.1344,-97.3268,88.68,19,65,18.7
555,Vangaindrano,MG,2021-07-28 21:29:51,-23.35,47.6,65.1,89,50,5.86
556,Awbari,LY,2021-07-28 21:29:52,26.5921,12.7805,88.3,15,0,8.46
557,Sobolevo,RU,2021-07-28 21:29:52,54.4299,31.8996,64.09,90,54,5.84
558,Victor Harbor,AU,2021-07-28 21:29:52,-35.5667,138.6167,48.47,87,15,9.95
559,Goya,AR,2021-07-28 21:29:53,-29.14,-59.2626,50.38,35,2,7.87
560,Chulman,RU,2021-07-28 21:29:53,56.8479,124.9104,57.02,92,100,3.83
561,Oranjestad,AW,2021-07-28 21:26:52,12.524,-70.027,85.95,62,20,18.41
562,Brownwood,US,2021-07-28 21:29:54,31.7093,-98.9912,96.12,33,100,7.02
563,Cam Ranh,VN,2021-07-28 21:29:54,11.9214,109.1591,84.16,65,20,5.75
564,Honningsvag,NO,2021-07-28 21:29:55,70.9821,25.9704,46.15,93,75,12.66
565,Qandala,SO,2021-07-28 21:29:55,11.472,49.8728,87.37,53,54,22.7
566,Davenda,RU,2021-07-28 21:29:55,53.5556,119.317,54.34,97,13,2.37
567,Bandundu,CD,2021-07-28 21:29:56,-3.3167,17.3667,77.11,22,57,2.8
568,Cermik,TR,2021-07-28 21:29:56,38.1361,39.4493,79.29,35,0,8.77
569,Calama,CL,2021-07-28 21:29:56,-22.4667,-68.9333,64.89,11,28,24.16
570,Fergus Falls,US,2021-07-28 21:29:57,46.283,-96.0776,87.78,62,1,8.05
571,Ust-Koksa,RU,2021-07-28 21:29:57,50.2696,85.6108,46.56,93,6,0.6
572,Huainan,CN,2021-07-28 21:29:58,32.6264,116.9969,72.48,96,100,16.93
